Index,Regressor,Coefficient
1,belgium co2,0.3739887219149836
2,netherlands co2,0.2540903790447281
3,spain co2,0.15768261585074833
4,croatia co2,0.1044695100773479
5,czech_republic gdp,-0.00883038320152791
6,lithuania gdp,-0.04254707952584851
