Index,Regressor,Coefficient
1,belgium co2,0.3654278778256615
2,netherlands co2,0.26055335827261944
3,spain co2,0.1570663620927637
4,croatia co2,0.11068097360441263
5,spain gdp,-0.02654226235709974
6,lithuania gdp,-0.031038332901244248
