Index,Regressor,Coefficient
1,belgium co2,0.36408082668293285
2,netherlands co2,0.26574228605514405
3,spain co2,0.14522566657931466
4,croatia co2,0.09980221379778748
5,spain unempl,0.025183588707513697
