Index,Regressor,Coefficient
1,belgium co2,0.33690221593184166
2,netherlands co2,0.27102471861638106
3,spain co2,0.11736498694567886
4,italy co2,0.03694689979343496
