Index,Regressor,Coefficient
1,austria co2,0.46590441742603256
2,germany co2,0.2296857865514726
3,austria ind_prod,-0.019895641454191773
4,germany gdp,-0.09718931017550025
