Index,Regressor,Coefficient
1,austria co2,0.5634757185647666
2,belgium co2,0.2529647925638091
3,germany co2,0.04133852802759777
4,belgium pop,0.017344333566277185
5,austria ind_prod,-0.0236225357968545
6,lithuania gdp,-0.05746375478443527
7,bulgaria co2,-0.18374299703296823
