Index,Regressor,Coefficient
1,romania pop,-0.045477806482575836
2,lithuania gdp,-0.09725371736676072
