Index,Regressor,Coefficient
1,austria co2,0.5663249586281126
2,belgium co2,0.2758555019692134
3,germany co2,0.036208922080959646
4,belgium pop,0.02712556512717459
5,bulgaria unempl,0.0018319974307173456
6,austria ind_prod,-0.03290716815113463
7,bulgaria co2,-0.21636491350542464
