Index,Regressor,Coefficient
1,belgium co2,0.5546939946187597
2,lithuania co2,0.10734058948265508
3,netherlands co2,0.07098001537902765
4,netherlands pop,-0.012240315702061095
5,lithuania unempl,-0.03293371425330497
6,belgium pop,-0.05313054317302995
7,spain unempl,-0.05552869367323307
8,czech_republic pop,-0.06779554646796235
