Index,Regressor,Coefficient
1,belgium co2,0.5204788516073227
2,netherlands co2,0.147040818740691
3,netherlands pop,-0.02325468916171383
4,belgium pop,-0.044659819603774985
5,spain unempl,-0.10735340099578937
