Index,Regressor,Coefficient
1,belgium co2,0.5383358253593993
2,lithuania co2,0.09512751527184905
3,netherlands co2,0.09399424523789228
4,lithuania gdp,0.04895314142333464
5,lithuania unempl,-0.012444416815507885
6,netherlands pop,-0.024311151406538695
7,spain unempl,-0.03114784829934525
8,belgium pop,-0.05966210514796322
9,czech_republic pop,-0.0726936174169364
